-- Doctor
-- Department
-- insert into Department without DeanCode value
INSERT INTO Department (DCode, DTitle) VALUES 
('D001', 'Cardiology Department'),
('D002', 'Pediatrics Department'),
('D003', 'Orthopedics Department'),
('D004', 'Dermatology Department');

INSERT INTO Doctor VALUES 
('Dr000001', 'Minh', 'Hoàng', '1980-01-15', '123 Nguyễn Văn Hoàng, Phường 12, Quận Gò Vấp, TPHCM', '2020-01-01', '2023-01-01', 'Cardiology', 'D001'),
('Dr000002', 'Nam', 'Đại', '1985-05-20', '456 Quang Trung', '2018-02-14', '2022-02-14', 'Pediatrics', 'D002'),
('Dr000003', 'Quang', 'Lê Đại', '1978-09-10', '269 Lý THường Kiệt, Quận 11, TPHCM', '2015-07-01', '2019-07-01', 'Orthopedics', 'D003'),
('Dr000004', 'Vũ', 'Nam', '1990-12-03', '101 Đường số 2', '2017-03-22', '2021-03-22', 'Dermatology', 'D004');

-- version 2: update Deancode in Department after Doctor' insertion
UPDATE Department SET DeanCode = 'Dr000001' WHERE DCode = 'D001';
UPDATE Department SET DeanCode = 'Dr000002' WHERE DCode = 'D002';
UPDATE Department SET DeanCode = 'Dr000003' WHERE DCode = 'D003';
UPDATE Department SET DeanCode = 'Dr000004' WHERE DCode = 'D004';


INSERT INTO Nurse VALUES 
('Nu000001', 'Minh', 'Hoàng', '1980-01-15', '123 Nguyễn Văn Hoàng, Phường 12, Quận Gò Vấp, TPHCM', '2020-01-01', '2023-01-01', 'Cardiology', 'D001'),
('Nu000002', 'Nam', 'Đại', '1985-05-20', '456 Quang Trung', '2018-02-14', '2022-02-14', 'Pediatrics', 'D002'),
('Nu000003', 'Quang', 'Lê Đại', '1978-09-10', '269 Lý THường Kiệt, Quận 11, TPHCM', '2015-07-01', '2019-07-01', 'Orthopedics', 'D003'),
('Nu000004', 'Vũ', 'Nam', '1990-12-03', '101 Đường số 2', '2017-03-22', '2021-03-22', 'Dermatology', 'D004');

-- Patients
INSERT INTO Patient VALUES 
('000000001', 'John', 'Doe', '1990-05-15', 'Male', '123 Main St', '+84 354444481', 'IP'),
('000000002', 'Jane', 'Smith', '1985-08-22', 'Female', NULL, '+84 983927329', 'OP'),
('000000003', 'Robert', 'Johnson', '1977-03-10', 'Male', '789 Pine St', '+84 9844755399', 'IP'),
('000000004', 'Emily', 'Williams', '1995-11-27', 'Female', '321 Cedar St', '+84 888149189', 'IP'),
('000000005', 'Michael', 'Brown', '1980-09-18', 'Male', '555 Birch St', '+84 981898223', 'IP'),
('000000006', 'Sophia', 'Miller', '1992-07-03', 'Female', '888 Elm St', '+84 739839472', 'OP'),
('000000007', 'Daniel', 'Taylor', '1988-12-05', 'Male', '444 Maple St', '+84 912829384', 'OP'),
('000000008', 'Olivia', 'Anderson', '1998-04-14', 'Female', '777 Walnut St', '+84 354342452', 'IP'),
('000000009', 'Matthew', 'Lee', '1983-06-20', 'Male', '666 Pine St', '+84 898345234', 'OP'),
('000000010', 'Emma', 'Garcia', '1994-02-08', 'Female', '222 Cedar St', '+84 345242398', 'OP');
-- Provider
INSERT INTO Provider VALUES 
('PV0001', 'ABC Pharmacy', '123 Main St, City', '+1 5551234567'),
('PV0002', 'PharmaHealth', '789 Pine St, Village', '+1 555932742'),
('PV0003', 'BioPharma Solutions', '101 Cedar St, Hamlet', '+84 298392383');

-- Medication packages
INSERT INTO MedicationPackage (MCode, MExpDate, MName, MPrice, MEffect, MStatus, MCurrentQuantity)
VALUES
('M00101010520', '2023-12-31', 'Paracetamol', 30000, 'Fever and Pain Relief', 'Active', 100), -- The MCode is M + 6 char for name + 6 char for importdate
('M02001010620', '2024-05-15', 'Ibuprofen', 40000, 'Anti-inflammatory', 'Active', 150),
('M00101010720', '2023-08-22', 'Amoxicillin', 250000, 'Antibiotic', 'Active', 80),
('M00301010820', '2023-11-30', 'Loratadine', 500000, 'Antihistamine', 'Active', 120),
('M00101011920', '2024-02-28', 'Omeprazole', 350000, 'Gastric Acid Reducer', 'Active', 90);

INSERT INTO InPatient (PCode, INPCode, AdmissionDate, Infee, Sickroom, InDiagnosis, NurseCode)
VALUES
('000000001', 'IP000000001', '2022-05-10', 500, 'Room101', 'Fever', 'Nu000001'),
('000000002', 'IP000000002', '2023-06-15', 700, 'Room202', 'Broken Leg', 'Nu000001'),
('000000003', 'IP000000003', '2022-07-20', 600, 'Room303', 'Pneumonia', 'Nu000002'),
('000000004', 'IP000000004', '2022-08-25', 800, 'Room404', 'Appendicitis', 'Nu000002'),
('000000005', 'IP000000005', '2022-09-30', 750, 'Room505', 'Migraine', 'Nu000004'),
('000000006', 'IP000000006', '2022-10-05', 900, 'Room606', 'Fractured Arm', 'Nu000003'),
('000000007', 'IP000000007', '2022-11-10', 550, 'Room707', 'Diabetes', 'Nu000004'),
('000000008', 'IP000000008', '2022-12-15', 650, 'Room808', 'Hypertension', 'Nu000003'),
('000000009', 'IP000000009', '2021-01-20', 720, 'Room909', 'Concussion', 'Nu000001'),
('000000010', 'IP000000010', '2021-02-25', 850, 'Room1010', 'Bronchitis', 'Nu000003');

-- Inserting sample data into OutPatient table
INSERT INTO OutPatient (PCode, OutPCode)
VALUES
('000000001', 'OP000000001'),
('000000002', 'OP000000002'),
('000000003', 'OP000000003'),
('000000004', 'OP000000004'),
('000000005', 'OP000000005'),
('000000006', 'OP000000006'),
('000000007', 'OP000000007'),
('000000008', 'OP000000008'),
('000000009', 'OP000000009'),
('000000010', 'OP000000010');

-- Inserting sample data into TreatmentReport table
INSERT INTO TreatmentReport (TreatmentStartDate, PCode, INPCode, AdmissionDate, DrCode, InResult, DateOfDischarge, TreatEndDate)
VALUES
('2022-05-16 07:30:00', '000000001', 'IP000000001', '2022-05-10', 'Dr000001', 'recovered', '2022-05-20', '2022-06-05'),
('2022-06-22 07:30:00', '000000002', 'IP000000002', '2023-06-15', 'Dr000001', NULL, NULL, '2022-07-15'),
('2022-07-27 07:30:00', '000000003', 'IP000000003', '2022-07-20', 'Dr000004', NULL, NULL, '2022-08-20'),
('2022-08-30 07:30:00', '000000004', 'IP000000004', '2022-08-25', 'Dr000001', NULL, NULL, '2022-09-25'),
('2022-10-20 07:30:00', '000000005', 'IP000000005', '2022-09-30', 'Dr000004', NULL, NULL, '2022-10-30'),
('2022-10-15 07:30:00', '000000006', 'IP000000006', '2022-10-05', 'Dr000001', NULL, NULL, '2022-11-05'),
('2022-11-20 07:30:00', '000000007', 'IP000000007', '2022-11-10', 'Dr000003', NULL, NULL, '2022-12-10'),
('2022-12-24 07:30:00', '000000008', 'IP000000008', '2022-12-15', 'Dr000002', 'recovered', '2022-12-30', '2023-01-14'),
('2021-01-30 07:30:00', '000000009', 'IP000000009', '2021-01-20', 'Dr000002', NULL, NULL, '2021-02-19'),
('2021-02-28 07:30:00', '000000010', 'IP000000010', '2021-02-25', 'Dr000002', NULL, NULL, '2021-03-26');

INSERT INTO ExaminationReport (ExaminationDate, PCode, OUTPCode, DrCode, OutDiagnosis, ExmNextDate, ExmFee)
VALUES
('2022-05-10 07:30:00', '000000001', 'OP000000001', 'Dr000001', 'Routine checkup', '2022-06-10', 50),
('2022-06-15 07:30:00', '000000002', 'OP000000002', 'Dr000002', 'X-ray examination', '2022-07-15', 75),
('2021-07-20 07:30:00', '000000003', 'OP000000003', 'Dr000004', 'Blood test', '2021-08-20', 40),
('2022-08-25 07:30:00', '000000004', 'OP000000004', 'Dr000001', 'Ultrasound scan', '2022-09-25', 60),
('2022-09-30 07:30:00', '000000005', 'OP000000005', 'Dr000001', 'MRI scan', '2022-10-30', 90),
('2022-10-05 07:30:00', '000000006', 'OP000000006', 'Dr000004', 'Eye examination', '2022-11-05', 55),
('2022-11-10 07:30:00', '000000007', 'OP000000007', 'Dr000001', 'Dental checkup', '2022-12-10', 65),
('2021-12-15 07:30:00', '000000008', 'OP000000008', 'Dr000001', 'Skin examination', '2021-01-14', 80),
('2021-01-20 07:30:00', '000000009', 'OP000000009', 'Dr000002', 'Chest X-ray', '2021-02-19', 70),
('2021-02-25 07:30:00', '000000010', 'OP000000010', 'Dr000003', 'Cardiac examination', '2021-03-26', 100);

INSERT INTO PrescriptionsOutPatient (MCode, ExaminationDate, PCode, OUTPCode, DrCode, Amount)
VALUES
('M00101010520', '2022-05-10 07:30:00', '000000001', 'OP000000001', 'Dr000001',2),
('M00101011920', '2022-06-15 07:30:00', '000000002', 'OP000000002', 'Dr000002',2),
('M00101010520', '2021-07-20 07:30:00', '000000003', 'OP000000003', 'Dr000004',2),
('M00101011920', '2022-08-25 07:30:00', '000000004', 'OP000000004', 'Dr000001',2),
('M00101011920', '2022-09-30 07:30:00', '000000005', 'OP000000005', 'Dr000001',2),
('M00101011920', '2022-10-05 07:30:00', '000000006', 'OP000000006', 'Dr000004',2),
('M00101011920', '2022-11-10 07:30:00', '000000007', 'OP000000007', 'Dr000001',2),
('M00101011920', '2021-12-15 07:30:00', '000000008', 'OP000000008', 'Dr000001',2),
('M00101011920', '2021-01-20 07:30:00', '000000009', 'OP000000009', 'Dr000002',2),
('M00101011920', '2021-02-25 07:30:00', '000000010', 'OP000000010', 'Dr000003',2);

-- Inserting sample data into ProviderMedication table
INSERT INTO ProviderMedication (ImportedDate, PVCode, MCode, ImportedPrice, ImportedQuantity)
VALUES
('2020-05-01', 'PV0001', 'M00101010520', 30000, 100),
('2020-06-01', 'PV0002', 'M02001010620', 40000, 150),
('2020-07-01', 'PV0003', 'M00101010720', 250000, 80),
('2020-08-01', 'PV0003', 'M00301010820', 500000, 120),
('2020-09-01', 'PV0001', 'M00101011920', 350000, 90);

-- Inserting sample data into PrescriptionsInPatient table
INSERT INTO PrescriptionsInPatient (DateWriten, TreatmentStartDate, PCode, INPCode, AdmissionDate, DrCode, MCode, Amount)
VALUES
('2022-05-16 07:30:00', '2022-05-16 07:30:00', '000000001', 'IP000000001', '2022-05-10', 'Dr000001', 'M00101010520',1),
('2022-06-22 07:30:00', '2022-06-22 07:30:00', '000000002', 'IP000000002', '2023-06-15', 'Dr000001', 'M02001010620',1),
('2022-07-27 07:30:00', '2022-07-27 07:30:00', '000000003', 'IP000000003', '2022-07-20', 'Dr000004', 'M00101010520',2),
('2022-08-30 07:30:00', '2022-08-30 07:30:00', '000000004', 'IP000000004', '2022-08-25', 'Dr000001', 'M02001010620',3),
('2022-10-20 07:30:00', '2022-10-20 07:30:00', '000000005', 'IP000000005', '2022-09-30', 'Dr000004', 'M00301010820',2),
('2022-10-15 07:30:00', '2022-10-15 07:30:00', '000000006', 'IP000000006', '2022-10-05', 'Dr000001', 'M00101010520',2),
('2022-11-20 07:30:00', '2022-11-20 07:30:00', '000000007', 'IP000000007', '2022-11-10', 'Dr000003', 'M00101011920',2),
('2022-12-24 07:30:00', '2022-12-24 07:30:00', '000000008', 'IP000000008', '2022-12-15', 'Dr000002', 'M00301010820',2),
('2021-01-30 07:30:00', '2021-01-30 07:30:00', '000000009', 'IP000000009', '2021-01-20', 'Dr000002', 'M00101010720',2),
('2021-02-28 07:30:00', '2021-02-28 07:30:00', '000000010', 'IP000000010', '2021-02-25', 'Dr000002', 'M00101010720',2),
('2022-05-16 15:30:00', '2022-05-16 07:30:00', '000000001', 'IP000000001', '2022-05-10', 'Dr000001', 'M00101010520',4);

INSERT INTO DoctorPhone (ECode, EPhone)
VALUES
	('Dr000001', '+84 353443443'),
    ('Dr000002', '+84 333333444'),
    ('Dr000002', '+84 987876765'),
    ('Dr000004', '+84 343542786'),
    ('Dr000003', '+84 354325546'),
    ('Dr000003', '+84 456223455'),
    ('Dr000001', '+84 762342343');
    
INSERT INTO NursePhone (ECode, EPhone)
VALUES
	('Nu000001', '+84 324254436'),
    ('Nu000002', '+84 345124235'),
    ('Nu000003', '+84 920348230'),
    ('Nu000003', '+84 920340230'),
    ('Nu000004', '+84 903480293'),
    ('Nu000002', '+84 789473973'),
    ('Nu000001', '+84 888293473');